{"cameraMode":{"drawMode":0,"name":"Shaded","section":"Shading Mode"},"sceneLighting":false,"audioPlay":false,"sceneViewState":{"showFog":true,"showMaterialUpdate":false,"showSkybox":false,"showFlares":true,"showImageEffects":true,"showParticleSystems":true},"in2DMode":false,"pivot":{"x":2.7414655685424806,"y":3.490833282470703,"z":33.78895950317383},"rotation":{"x":0.1801488846540451,"y":0.15015427768230439,"z":-0.02783486805856228,"w":0.9717249274253845},"size":0.42906051874160769,"orthographic":false}