{"cameraMode":{"drawMode":0,"name":"Shaded","section":"Shading Mode"},"sceneLighting":false,"audioPlay":false,"sceneViewState":{"showFog":true,"showMaterialUpdate":false,"showSkybox":false,"showFlares":true,"showImageEffects":true,"showParticleSystems":true},"in2DMode":false,"pivot":{"x":1.3158888816833497,"y":0.5470589399337769,"z":11.70388126373291},"rotation":{"x":0.12110280245542526,"y":0.8786290884017944,"z":-0.31457430124282839,"w":0.3382487893104553},"size":2.666353940963745,"orthographic":false}