{"cameraMode":{"drawMode":0,"name":"Shaded","section":"Shading Mode"},"sceneLighting":false,"audioPlay":false,"sceneViewState":{"showFog":true,"showMaterialUpdate":false,"showSkybox":false,"showFlares":true,"showImageEffects":true,"showParticleSystems":true},"in2DMode":false,"pivot":{"x":-0.8600907325744629,"y":0.73856520652771,"z":11.382196426391602},"rotation":{"x":0.2023436725139618,"y":0.2653037905693054,"z":-0.057047467678785327,"w":0.9409789443016052},"size":4.039024353027344,"orthographic":false}