{"cameraMode":{"drawMode":0,"name":"Shaded","section":"Shading Mode"},"sceneLighting":false,"audioPlay":false,"sceneViewState":{"showFog":true,"showMaterialUpdate":false,"showSkybox":false,"showFlares":true,"showImageEffects":true,"showParticleSystems":true},"in2DMode":false,"pivot":{"x":0.0,"y":-0.033651672303676608,"z":-0.026901930570602418},"rotation":{"x":-0.16505900025367738,"y":0.27611762285232546,"z":-0.04819471016526222,"w":-0.9456225633621216},"size":0.4863309860229492,"orthographic":false}