{"cameraMode":{"drawMode":0,"name":"Shaded","section":"Shading Mode"},"sceneLighting":false,"audioPlay":false,"sceneViewState":{"showFog":true,"showMaterialUpdate":false,"showSkybox":false,"showFlares":true,"showImageEffects":true,"showParticleSystems":true},"in2DMode":false,"pivot":{"x":-3.1321773529052736,"y":2.440000057220459,"z":7.353382110595703},"rotation":{"x":0.2016337364912033,"y":0.2271323949098587,"z":-0.04812672734260559,"w":0.9515581130981445},"size":0.42492568492889407,"orthographic":false}