{"cameraMode":{"drawMode":0,"name":"Shaded","section":"Shading Mode"},"sceneLighting":false,"audioPlay":false,"sceneViewState":{"showFog":true,"showMaterialUpdate":false,"showSkybox":false,"showFlares":true,"showImageEffects":true,"showParticleSystems":true},"in2DMode":false,"pivot":{"x":0.5857383012771606,"y":0.16709566116333009,"z":-1.986188530921936},"rotation":{"x":-0.21650327742099763,"y":-0.5902987122535706,"z":0.16834530234336854,"w":-0.7591754198074341},"size":6.082813739776611,"orthographic":false}